feature,importance
asset_age,0.2504267924142563
incident_count,0.20286834812969803
downtime_hours,0.24259898861910223
business_impact_score,0.17320778584027227
replacement_priority,0.13089808499667105
